Var1,Var2
r_0001,10000000
r_0002,10000000
r_0003,3.36
r_0004,10000000
r_0005,10000000
r_0006,-171.22
r_0007,1.21
r_0012,-2.01
r_0013,10000000
r_0014,-8.48
r_0015,-20.82
r_0016,-9.45
r_0017,-33.73
r_0018,0.2
r_0019,-11.31
r_0020,-2.68
r_0021,-19.73
r_0022,-80.83
r_0023,-1.48
r_0024,-9.72
r_0025,-10.4
r_0026,4.11
r_0027,1.47
r_0028,-12.59
r_0029,-2.3
r_0030,-1.62
r_0032,8.41
r_0033,-21.02
r_0034,-21.01
r_0035,-13.67
r_0036,-19.64
r_0037,-19.64
r_0038,-21.17
r_0039,-8.48
r_0040,-6.72
r_0041,-8.85
r_0042,-2.75
r_0043,-41.44
r_0044,0.98
r_0045,-13.21
r_0057,2.11
r_0058,-74.12
r_0059,-4.16
r_0060,0.06
r_0061,5.82
r_0062,-3.69
r_0063,-1.46
r_0064,-3.69
r_0065,9.83
r_0066,-16.45
r_0067,-32.22
r_0068,-1.35
r_0069,8.76
r_0070,10000000
r_0072,-3.69
r_0073,-17.66
r_0074,10000000
r_0075,-10.8
r_0076,7.11
r_0077,22.48
r_0078,7.11
r_0079,-20.7
r_0080,-8.88
r_0081,-0.31
r_0082,-17.66
r_0083,9.55
r_0084,-28.81
r_0085,-6.4
r_0086,-8.16
r_0087,0.62
r_0088,17.66
r_0089,17.66
r_0090,-16.73
r_0091,-6.66
r_0092,-17.66
r_0093,10000000
r_0094,0.22
r_0095,-5.32
r_0096,-8.85
r_0097,-9.45
r_0099,10000000
r_0100,10000000
r_0101,10000000
r_0102,-7.06
r_0103,7.06
r_0104,7.06
r_0105,-7.06
r_0106,-7.06
r_0107,-7.06
r_0108,-4.46
r_0109,-3.92
r_0111,-8.38
r_0112,-16.11
r_0113,-16.54
r_0114,-16.28
r_0115,-8.01
r_0116,10000000
r_0117,-0
r_0118,0.39
r_0119,-30.3
r_0120,-15.16
r_0121,-15.16
r_0122,-15.16
r_0123,10000000
r_0124,-15.16
r_0125,-15.16
r_0126,-3.61
r_0127,-3.61
r_0128,-3.61
r_0129,-3.61
r_0130,-3.61
r_0131,-3.61
r_0132,-3.61
r_0133,-3.61
r_0134,-3.61
r_0135,-3.61
r_0137,10000000
r_0138,3.7
r_0139,-9.28
r_0140,2.41
r_0142,-16.22
r_0143,-11.96
r_0144,5.67
r_0145,-3.85
r_0146,-6.32
r_0147,-2.78
r_0148,3.28
r_0149,3.44
r_0150,4.89
r_0151,2.44
r_0152,8.85
r_0153,2.11
r_0154,-18.97
r_0155,-20.11
r_0156,-1.46
r_0157,10000000
r_0158,-3.61
r_0159,-3.7
r_0160,-3.61
r_0161,-3.61
r_0162,-3.61
r_0163,5.38
r_0164,-10.31
r_0165,-4.7
r_0166,-4.82
r_0167,-4.14
r_0168,-10.31
r_0169,-4.82
r_0170,-4.14
r_0171,-10.31
r_0172,-14.59
r_0173,-7.31
r_0174,-14.16
r_0175,-7.99
r_0176,-11.97
r_0177,-5.12
r_0178,-5.8
r_0179,-4.82
r_0180,-4.14
r_0181,-10.31
r_0182,-4.82
r_0183,-4.14
r_0184,-10.31
r_0185,-10.6
r_0186,-4.82
r_0187,-4.14
r_0188,-5.73
r_0189,10.95
r_0190,-4.01
r_0191,-9.2
r_0192,1.62
r_0193,-3.11
r_0194,-3.11
r_0195,-2.48
r_0198,-3.11
r_0199,-9
r_0200,-21.56
r_0201,-16.02
r_0202,-19.46
r_0203,-48.67
r_0204,-11.65
r_0205,-9.79
r_0206,-3.9
r_0207,16.34
r_0208,-22.1
r_0209,10000000
r_0210,10000000
r_0211,-24.95
r_0212,10000000
r_0213,10000000
r_0214,3
r_0215,-6.34
r_0216,-1.14
r_0217,1.14
r_0218,-1.14
r_0219,6.7
r_0220,10000000
r_0221,10000000
r_0222,3.53
r_0223,4.24
r_0224,-14.94
r_0225,-2.81
r_0226,-5.84
r_0227,-8.11
r_0228,0.89
r_0229,10000000
r_0230,-5.03
r_0231,-15.39
r_0233,-100.58
r_0234,10000000
r_0235,0.34
r_0236,-7.39
r_0237,-7.39
r_0238,-97.66
r_0239,-108.64
r_0240,10000000
r_0241,-330.37
r_0242,-103.56
r_0243,-8.82
r_0244,-17.15
r_0249,-27.27
r_0250,-27.77
r_0252,-3.76
r_0253,-3.76
r_0254,3.76
r_0255,-45.35
r_0256,-45.35
r_0259,-99.47
r_0260,-99.47
r_0261,-99.47
r_0262,-99.47
r_0263,10000000
r_0264,-5.58
r_0265,10000000
r_0266,-5.58
r_0267,-99.47
r_0268,-99.47
r_0269,-99.47
r_0270,-99.47
r_0271,10000000
r_0272,10000000
r_0273,-16.34
r_0274,-2.33
r_0278,-16.68
r_0279,-2.46
r_0280,-0.05
r_0281,-23.36
r_0282,-23.36
r_0283,-23.36
r_0284,-23.36
r_0285,-23.36
r_0286,-23.36
r_0287,-23.36
r_0288,-23.36
r_0289,-23.36
r_0290,-23.36
r_0291,-23.36
r_0292,-23.36
r_0293,-23.36
r_0294,-23.36
r_0295,-23.36
r_0296,-23.36
r_0297,-23.36
r_0298,-23.36
r_0299,-23.36
r_0300,-10.78
r_0301,-10.58
r_0302,1.47
r_0303,1.47
r_0304,10000000
r_0306,-12.59
r_0307,-2.98
r_0308,-2.22
r_0309,-5.67
r_0310,-2.22
r_0311,-9.76
r_0312,10000000
r_0313,10000000
r_0314,-5.13
r_0315,-13.77
r_0317,-310.11
r_0318,-5.13
r_0319,-25.03
r_0320,-3.96
r_0321,1.53
r_0322,4.31
r_0323,1.61
r_0326,-5.13
r_0327,-5.13
r_0328,-21.45
r_0329,-5.13
r_0330,8.8
r_0331,-452.85
r_0332,-15.23
r_0334,-20.28
r_0335,-13.31
r_0340,10000000
r_0341,10000000
r_0342,10000000
r_0343,10000000
r_0344,-5.53
r_0345,-5.47
r_0346,-3.75
r_0347,15.28
r_0348,7.43
r_0349,-6.07
r_0350,-19.7
r_0351,-10.89
r_0352,-6.75
r_0353,-6.75
r_0354,-15.22
r_0355,-23.36
r_0356,-9.07
r_0357,-48.49
r_0358,40.38
r_0359,10000000
r_0360,10000000
r_0361,10000000
r_0362,10000000
r_0363,8.8
r_0364,-27.87
r_0365,10000000
r_0366,-0.87
r_0368,-15.84
r_0369,-3.99
r_0370,10000000
r_0373,-23.36
r_0399,-18.43
r_0400,-18.43
r_0402,10000000
r_0410,-18.43
r_0412,-18.43
r_0436,10000000
r_0437,10000000
r_0438,10000000
r_0439,10000000
r_0440,10000000
r_0441,10000000
r_0442,10000000
r_0443,-5.99
r_0445,-3.09
r_0446,12.96
r_0447,13.54
r_0448,8.62
r_0449,8.62
r_0450,5.81
r_0451,-0.61
r_0452,-0.61
r_0453,-10.23
r_0454,10000000
r_0455,10000000
r_0457,-5.1
r_0458,-15.22
r_0459,1.75
r_0460,-8.32
r_0461,-23.36
r_0462,-23.36
r_0463,220.55
r_0464,262.95
r_0465,2.6
r_0466,3.08
r_0467,-0.89
r_0468,-5.2
r_0469,-1.95
r_0470,12.01
r_0471,-17.49
r_0472,-21.62
r_0473,6.7
r_0475,-9.61
r_0476,1.49
r_0477,-12.21
r_0478,10000000
r_0479,10000000
r_0480,10000000
r_0481,-6.2
r_0482,-6.2
r_0483,-75.95
r_0484,-75.95
r_0485,-7.7
r_0486,-11.68
r_0487,8.85
r_0488,-15.25
r_0489,7.14
r_0490,10000000
r_0491,-3.39
r_0492,-2.69
r_0497,-15.57
r_0499,-20.4
r_0500,-5.25
r_0501,1.69
r_0502,0.05
r_0503,0.04
r_0504,4.77
r_0505,0.47
r_0506,10000000
r_0507,10000000
r_0508,10000000
r_0509,-3.54
r_0510,10000000
r_0511,213.44
r_0512,10000000
r_0514,-10.84
r_0518,10000000
r_0519,10000000
r_0520,10000000
r_0521,10000000
r_0522,10000000
r_0523,10000000
r_0524,-28.25
r_0525,-26.37
r_0526,-8.98
r_0527,1.37
r_0528,8.8
r_0529,8.8
r_0530,10000000
r_0531,10000000
r_0532,10000000
r_0533,-15.23
r_0534,-15.23
r_0535,-15.23
r_0536,-14.75
r_0537,16.89
r_0538,5.75
r_0539,10000000
r_0540,10000000
r_0541,-10.33
r_0542,-0.05
r_0543,-8.95
r_0544,-12.77
r_0545,3.9
r_0546,-4.82
r_0547,-10.31
r_0548,-16.57
r_0549,-3.61
r_0550,10000000
r_0551,10000000
r_0552,10000000
r_0553,-5.69
r_0554,-6.38
r_0555,-27.78
r_0556,10000000
r_0557,15.51
r_0558,-9.81
r_0559,-8.4
r_0560,-9.08
r_0561,-17.09
r_0562,-24.94
r_0563,-29.53
r_0564,-10.58
r_0565,1.22
r_0566,-3.6
r_0567,-3.69
r_0568,4.3
r_0569,4.17
r_0570,-4.7
r_0571,3.59
r_0572,3.59
r_0573,3.59
r_0574,3.64
r_0575,3.64
r_0596,-14.66
r_0597,-14.66
r_0598,-14.66
r_0599,-14.66
r_0600,-14.66
r_0601,-14.66
r_0602,-14.66
r_0603,-14.66
r_0604,-14.66
r_0605,-14.66
r_0606,-14.66
r_0607,-14.66
r_0608,-14.66
r_0609,-14.66
r_0610,-14.66
r_0611,-14.66
r_0612,-14.66
r_0613,-14.66
r_0614,-14.66
r_0615,-14.66
r_0616,-15.82
r_0617,-15.82
r_0618,-15.82
r_0619,-15.82
r_0620,-15.82
r_0621,-15.82
r_0622,-15.82
r_0623,-15.82
r_0624,-15.82
r_0625,-15.82
r_0626,-15.82
r_0627,-15.82
r_0628,-15.82
r_0629,-15.82
r_0630,-15.82
r_0631,-15.82
r_0632,-15.82
r_0633,-15.82
r_0634,-15.82
r_0635,-15.82
r_0636,-16.2
r_0637,-16.2
r_0638,-16.2
r_0639,-16.2
r_0640,-16.2
r_0641,-16.2
r_0642,-16.2
r_0643,-16.2
r_0644,-16.2
r_0645,-16.2
r_0646,-14.68
r_0647,-14.68
r_0648,-14.68
r_0649,-14.68
r_0650,-14.68
r_0651,-14.68
r_0652,-14.68
r_0653,-14.68
r_0654,-14.68
r_0655,-14.68
r_0656,-4.08
r_0657,-4.08
r_0658,3.9
r_0659,9.39
r_0661,9.87
r_0662,5.79
r_0663,-4.11
r_0664,-4.79
r_0665,10000000
r_0666,10000000
r_0667,0.66
r_0668,-2.98
r_0669,-8.85
r_0670,-13.22
r_0671,-100.91
r_0672,-1.11
r_0673,-18.04
r_0674,-4.79
r_0675,3.21
r_0676,8.85
r_0678,-14.4
r_0679,-8.46
r_0680,-5.06
r_0681,0.9
r_0682,0.9
r_0683,0.9
r_0687,10000000
r_0688,-11.31
r_0689,-7.9
r_0690,10.31
r_0691,3.17
r_0692,-6.09
r_0693,-6.09
r_0694,-101.81
r_0695,-21.81
r_0696,-10.6
r_0697,-10.73
r_0698,-86.57
r_0699,1.16
r_0700,1.16
r_0701,10000000
r_0702,10000000
r_0703,-3.63
r_0704,-3.63
r_0705,-3.63
r_0706,-3.63
r_0707,-3.63
r_0708,-3.63
r_0711,10000000
r_0712,10000000
r_0713,5.14
r_0714,5.82
r_0715,4.57
r_0716,-9.76
r_0717,-10.62
r_0718,1.71
r_0719,7.88
r_0721,10000000
r_0722,-1.62
r_0723,-0.89
r_0724,19.28
r_0725,18.68
r_0726,-8.6
r_0727,-6.4
r_0728,10000000
r_0729,10000000
r_0730,10000000
r_0731,-3.03
r_0732,2.45
r_0733,2.3
r_0734,5.75
r_0735,-16.03
r_0736,-14.57
r_0737,-14.57
r_0738,-14.57
r_0739,-7.79
r_0747,1.62
r_0748,1.62
r_0749,1.62
r_0750,1.62
r_0751,1.62
r_0752,1.62
r_0753,1.62
r_0754,1.62
r_0755,1.62
r_0756,1.62
r_0757,7.11
r_0758,-1.68
r_0759,5.54
r_0760,-4.28
r_0761,-1.59
r_0762,-0.9
r_0763,10000000
r_0764,-36.99
r_0765,-24.67
r_0766,-26.66
r_0767,-3.69
r_0768,-14.34
r_0769,-15.29
r_0770,-461.43
r_0771,-19.19
r_0772,-20.5
r_0773,-462.11
r_0774,-10.08
r_0775,-10.5
r_0781,-5.11
r_0782,-3.41
r_0783,9
r_0784,7.03
r_0785,-4.19
r_0786,-9.14
r_0787,-8.88
r_0788,-11.4
r_0789,-16.92
r_0790,-16.92
r_0791,-15.85
r_0792,-16.92
r_0793,-12.74
r_0795,-1.46
r_0796,0
r_0797,-1.46
r_0798,-1.46
r_0799,-1.46
r_0800,-1.46
r_0801,-1.41
r_0802,-15.96
r_0803,-1.46
r_0804,-6.65
r_0805,-6.65
r_0806,-6.65
r_0807,-6.71
r_0810,-15.85
r_0811,-1.46
r_0812,-9.76
r_0813,10000000
r_0815,-3.9
r_0816,0.43
r_0817,-3.46
r_0818,9.81
r_0819,-4.72
r_0820,12
r_0821,-0.15
r_0831,-1.55
r_0832,-8.22
r_0841,7.65
r_0842,-16.02
r_0843,-18.97
r_0844,-7.41
r_0845,-7.41
r_0847,10000000
r_0848,-7.41
r_0849,-7.41
r_0850,-7.41
r_0851,-4.11
r_0852,10000000
r_0853,10000000
r_0854,-3.69
r_0855,19.39
r_0882,0
r_0883,10000000
r_0884,-10.98
r_0885,-2.83
r_0886,-16.73
r_0887,-16.72
r_0888,0
r_0889,6.91
r_0890,1.04
r_0891,5.83
r_0892,8.44
r_0893,0.02
r_0902,-0
r_0903,1.31
r_0904,8.69
r_0905,-27.4
r_0906,-1.96
r_0907,-0
r_0908,-14.09
r_0909,1.29
r_0910,-31.85
r_0911,-8.02
r_0912,-20.2
r_0913,0.61
r_0914,-7.64
r_0915,-25.08
r_0916,-11.83
r_0917,10.01
r_0918,1.97
r_0919,10000000
r_0920,10000000
r_0921,2.59
r_0922,-99.47
r_0929,10000000
r_0935,-18.08
r_0936,-22.73
r_0937,-22.34
r_0938,-28.28
r_0939,-10.25
r_0940,10000000
r_0941,10000000
r_0942,10000000
r_0943,-10.8
r_0949,-20.45
r_0950,-20.52
r_0951,-9.51
r_0953,84.02
r_0954,-25.29
r_0955,-28.31
r_0956,-28.15
r_0957,10000000
r_0958,-2.76
r_0959,-3.04
r_0960,-8.36
r_0961,-8.14
r_0962,6.87
r_0963,-95.44
r_0964,-9.11
r_0965,10000000
r_0966,10000000
r_0967,10000000
r_0968,10000000
r_0969,-15.23
r_0970,10000000
r_0971,10000000
r_0972,10000000
r_0973,10000000
r_0974,10000000
r_0975,10000000
r_0976,10000000
r_0977,10000000
r_0978,10000000
r_0979,10000000
r_0982,-0.6
r_0983,-16.26
r_0984,0
r_0985,-4.67
r_0986,-19.49
r_0987,-4.62
r_0988,19.72
r_0989,-20.48
r_0990,4.05
r_0992,-3.61
r_0993,10000000
r_0995,10000000
r_0996,-5.84
r_0997,-15.99
r_0998,10000000
r_0999,10000000
r_1000,10000000
r_1001,-10.09
r_1002,-10.47
r_1003,3.55
r_1004,7.97
r_1005,8.92
r_1006,-16.79
r_1007,-17.75
r_1008,0
r_1009,0
r_1010,-98.43
r_1011,-103.8
r_1012,-55.72
r_1021,-448.19
r_1022,2.98
r_1023,-5.51
r_1024,-3.11
r_1025,9.52
r_1026,21.93
r_1027,10000000
r_1028,-16.43
r_1029,-115.25
r_1030,21.3
r_1031,-4.16
r_1032,10000000
r_1033,10000000
r_1034,10000000
r_1035,10000000
r_1036,10000000
r_1037,10000000
r_1038,10000000
r_1039,10000000
r_1040,3.21
r_1041,6.65
r_1042,10000000
r_1043,10000000
r_1045,-16.02
r_1046,-3.78
r_1047,-23.87
r_1048,-1.74
r_1049,2.06
r_1050,-1.72
r_1051,7.11
r_1054,1.45
r_1055,-9.16
r_1056,-4.11
r_1057,10000000
r_1058,10000000
r_1063,4.11
r_1065,5.36
r_1066,10000000
r_1067,10000000
r_1068,-2.48
r_1069,10000000
r_1070,0
r_1071,0
r_1072,8.8
r_1073,7.99
r_1074,-11.24
r_1075,-3.4
r_1076,-1.49
r_1077,-15.23
r_1078,-13.77
r_1079,8.8
r_1080,7.99
r_1081,10000000
r_1082,10000000
r_1083,10000000
r_1084,1.75
r_1085,-6.34
r_1086,-5.85
r_1087,-4.11
r_1088,-4.79
r_1089,10000000
r_1090,10000000
r_1091,-12.21
r_1092,3.41
r_1093,-9.79
r_1094,-15.3
r_1095,-11.95
r_1096,3.45
r_1097,-1.94
r_1098,-2.71
r_1099,-0
r_1100,4.15
r_1101,-5.31
r_1102,-5.42
r_1103,6.1
r_1104,-3.79
r_1106,-1.95
r_1107,-1.55
r_1108,-3.14
r_1109,-2.98
r_1110,-4.1
r_1111,2.91
r_1112,-4.15
r_1113,2.55
r_1114,1.05
r_1115,-0.8
r_1116,2.31
r_1118,-0
r_1119,0.11
r_1120,-0
r_1121,-98.5
r_1122,-103.14
r_1123,-98.5
r_1124,-103.14
r_1125,-2.98
r_1126,4.15
r_1127,-0
r_1128,-0
r_1129,11.77
r_1130,-1.31
r_1131,-6.15
r_1132,-1.59
r_1133,-3.14
r_1134,-1.79
r_1135,-1.79
r_1136,-1.92
r_1137,-0.68
r_1138,0
r_1139,-1.79
r_1146,8.9
r_1147,8.51
r_1148,8.51
r_1149,-0.03
r_1151,-3.28
r_1161,8.9
r_1162,8.9
r_1164,5.37
r_1165,-0.92
r_1166,2.32
r_1167,0.82
r_1168,-1
r_1169,4.67
r_1170,3.87
r_1171,-2.56
r_1172,-1.55
r_1173,-3.14
r_1174,-8.13
r_1175,-0.73
r_1176,-3.14
r_1177,-1.79
r_1178,-17.91
r_1179,-12.26
r_1180,-2.71
r_1181,-2.32
r_1182,7.74
r_1183,-2.76
r_1184,-2.78
r_1185,-3.84
r_1186,-2.56
r_1187,-2.68
r_1188,0.42
r_1189,-2.02
r_1190,-4.77
r_1191,-0.12
r_1192,-2.76
r_1193,1.19
r_1194,3.47
r_1195,-1.68
r_1196,-4.77
r_1197,-3.07
r_1198,0.8
r_1199,-2.18
r_1200,-2.87
r_1201,-2.37
r_1202,2.52
r_1203,-3.65
r_1204,1.38
r_1205,-1.59
r_1206,4.15
r_1207,-1.92
r_1208,1
r_1209,-2.13
r_1210,-0.13
r_1211,-4.69
r_1212,-3.84
r_1213,-2.78
r_1214,-1.98
r_1215,-1.98
r_1216,10000000
r_1217,-2.76
r_1218,-2.37
r_1219,-1.79
r_1220,2.13
r_1221,-3.26
r_1222,1
r_1223,-1.98
r_1224,-1.98
r_1225,9.68
r_1226,-0.08
r_1227,0.15
r_1228,-5.44
r_1229,0
r_1230,-3.49
r_1231,-3.49
r_1232,-8.32
r_1235,1.96
r_1236,-6.58
r_1237,-0.68
r_1238,-3.17
r_1239,3.47
r_1241,0.29
r_1242,7.74
r_1243,-2.32
r_1244,0.61
r_1245,3.55
r_1249,10000000
r_1250,0.83
r_1251,3.28
r_1252,-3.07
r_1253,-1.98
r_1254,-2.34
r_1255,-3.01
r_1256,-8.3
r_1257,-2.98
r_1258,10000000
r_1259,1.64
r_1260,2.48
r_1261,-3.65
r_1262,1.28
r_1263,-3.84
r_1264,-0.08
r_1265,0.01
r_1266,1.99
r_1267,-0.77
r_1268,-1.35
r_1269,10000000
r_1270,10000000
r_1271,-3.48
r_1272,-3.34
r_1273,-7.45
r_1274,-1.79
r_1275,10000000
r_1276,-6.15
r_1277,0
r_1278,119.97
r_1449,10000000
r_1450,10000000
r_1451,10000000
r_1452,10000000
r_1453,10000000
r_1454,10000000
r_1455,10000000
r_1456,10000000
r_1457,10000000
r_1458,10000000
r_1479,10000000
r_1480,10000000
r_1481,10000000
r_1482,10000000
r_1483,10000000
r_1484,10000000
r_1485,10000000
r_1486,10000000
r_1487,10000000
r_1488,10000000
r_1509,10000000
r_1510,10000000
r_1511,10000000
r_1512,10000000
r_1513,10000000
r_1514,10000000
r_1515,10000000
r_1516,10000000
r_1517,10000000
r_1518,10000000
r_1542,10000000
r_1543,10000000
r_1545,10000000
r_1546,10000000
r_1547,10000000
r_1548,10000000
r_1549,10000000
r_1550,10000000
r_1551,10000000
r_1552,10000000
r_1553,10000000
r_1554,10000000
r_1560,5.96
r_1562,-1.61
r_1563,10000000
r_1564,10000000
r_1565,10000000
r_1566,10000000
r_1567,12.48
r_1568,4.15
r_1572,10000000
r_1573,-4.86
r_1574,8.31
r_1575,-2.32
r_1576,0
r_1577,10000000
r_1578,-1.94
r_1579,0
r_1580,10000000
r_1581,10000000
r_1582,-1.55
r_1583,0
r_1585,4.15
r_1586,10000000
r_1587,0.69
r_1588,2.81
r_1589,10000000
r_1590,1.94
r_1591,-0
r_1595,8.3
r_1596,4.15
r_1597,2.95
r_1598,10000000
r_1599,-1.94
r_1600,0
r_1601,4.15
r_1603,10000000
r_1604,10000000
r_1605,-2.62
r_1606,4.15
r_1607,-4.15
r_1608,-0.68
r_1609,8.3
r_1610,0
r_1611,4.15
r_1613,8.11
r_1614,8.1
r_1615,7.11
r_1616,7.11
r_1617,7.11
r_1618,7.11
r_1619,7.11
r_1620,8.14
r_1621,10000000
r_1622,-0.68
r_1623,-29.96
r_1624,-10.13
r_1625,10000000
r_1627,10000000
r_1628,-3.1
r_1629,10000000
r_1630,10000000
r_1631,10000000
r_1632,-0
r_1633,0.77
r_1634,10000000
r_1635,-0.04
r_1637,-2.49
r_1638,4.54
r_1639,10000000
r_1640,0
r_1641,10000000
r_1642,11.78
r_1643,10000000
r_1644,-0.81
r_1645,2.3
r_1647,0
r_1648,10000000
r_1649,10000000
r_1650,10000000
r_1651,10000000
r_1652,0.47
r_1654,10000000
r_1656,1.27
r_1657,-8.98
r_1658,0
r_1659,0.39
r_1660,0.81
r_1661,3.57
r_1663,10000000
r_1664,-1.93
r_1665,-0.86
r_1667,-1.24
r_1668,1.85
r_1669,0.35
r_1671,10000000
r_1672,10000000
r_1673,-4.15
r_1674,0.39
r_1675,-0.47
r_1676,98.5
r_1677,98.5
r_1678,98.5
r_1679,103.14
r_1680,103.14
r_1681,103.14
r_1682,-113.5
r_1683,10000000
r_1684,2.52
r_1685,-35.34
r_1686,4.28
r_1687,10000000
r_1688,-0
r_1689,-0.77
r_1690,-0.73
r_1691,0
r_1694,0
r_1695,0
r_1696,0
r_1697,-0
r_1698,5.6
r_1699,-2.1
r_1700,4.73
r_1702,10000000
r_1703,8.8
r_1704,8.8
r_1705,10000000
r_1706,10000000
r_1707,1.94
r_1708,8.34
r_1709,10000000
r_1710,10000000
r_1711,10000000
r_1712,10000000
r_1713,1.91
r_1714,10000000
r_1715,10000000
r_1716,10000000
r_1717,2.71
r_1718,10000000
r_1719,1.94
r_1720,-0.81
r_1721,-0.47
r_1722,-12.02
r_1723,-12.02
r_1724,-10.61
r_1725,3.94
r_1726,-2.36
r_1727,10000000
r_1728,1.13
r_1729,3.27
r_1730,10000000
r_1731,2.52
r_1732,2.52
r_1733,-1.8
r_1734,-15.23
r_1735,2.32
r_1736,-18.97
r_1737,-0.47
r_1738,-0.31
r_1739,-4.15
r_1743,7.8
r_1744,-17.46
r_1745,3.74
r_1746,-8.32
r_1747,1.53
r_1748,4.07
r_1749,10000000
r_1750,4.05
r_1751,-0.27
r_1752,-0.73
r_1753,10000000
r_1754,3.32
r_1757,10000000
r_1758,-3.48
r_1759,0
r_1761,10000000
r_1762,-1.16
r_1763,0
r_1764,10000000
r_1765,10000000
r_1766,7.74
r_1770,-3.48
r_1771,-4.25
r_1772,-5.03
r_1774,-5.8
r_1775,-5.42
r_1776,-2.71
r_1777,6.79
r_1788,10000000
r_1790,10000000
r_1791,10000000
r_1792,10000000
r_1793,10000000
r_1794,-4.15
r_1795,1.48
r_1796,2.47
r_1797,-16.74
r_1798,10000000
r_1800,10000000
r_1801,1.02
r_1802,-0.47
r_1803,-2.79
r_1805,-2.32
r_1806,10000000
r_1807,10000000
r_1808,10000000
r_1809,8.34
r_1810,10000000
r_1811,0
r_1812,0
r_1813,0.77
r_1814,10000000
r_1815,10000000
r_1816,-1.38
r_1817,0
r_1818,10000000
r_1819,0
r_1820,10000000
r_1821,-15.23
r_1822,0
r_1823,2.52
r_1824,-4.11
r_1825,0
r_1826,0.89
r_1827,0
r_1829,-0.35
r_1830,-1.64
r_1831,1.13
r_1832,10000000
r_1833,9.56
r_1834,10000000
r_1835,7.56
r_1836,7.2
r_1837,0
r_1838,-10.78
r_1839,-0.39
r_1840,15.92
r_1841,10000000
r_1842,0.75
r_1843,10000000
r_1844,0
r_1845,-1.74
r_1846,4.15
r_1847,10000000
r_1848,0.94
r_1849,6.46
r_1850,-30.59
r_1851,110.09
r_1852,110.09
r_1853,110.09
r_1854,110.09
r_1855,110.09
r_1856,114.72
r_1857,114.72
r_1858,114.72
r_1859,114.72
r_1860,114.72
r_1861,10000000
r_1862,10000000
r_1863,-2.32
r_1864,0
r_1865,10000000
r_1866,10000000
r_1867,10000000
r_1868,-1.94
r_1869,0
r_1870,10000000
r_1871,16.94
r_1872,-3.08
r_1873,10000000
r_1874,-0
r_1875,10000000
r_1876,2.32
r_1877,1.94
r_1878,10000000
r_1879,10000000
r_1880,10000000
r_1881,10000000
r_1882,0.68
r_1883,10000000
r_1884,3.47
r_1885,-2.22
r_1886,10000000
r_1887,-14.46
r_1889,10000000
r_1890,-0.24
r_1891,10000000
r_1892,-1.94
r_1893,10000000
r_1895,1.74
r_1896,10000000
r_1897,10000000
r_1898,-0
r_1899,10000000
r_1900,10000000
r_1901,3.28
r_1902,10000000
r_1903,10000000
r_1904,10000000
r_1905,10000000
r_1906,10000000
r_1907,0.55
r_1908,2.71
r_1909,10000000
r_1910,2.32
r_1911,10000000
r_1912,10000000
r_1913,10000000
r_1914,10000000
r_1915,10000000
r_1916,10000000
r_1919,-4.15
r_1920,133.27
r_1921,133.27
r_1922,133.27
r_1923,133.27
r_1924,133.27
r_1925,137.9
r_1926,137.9
r_1927,137.9
r_1928,137.9
r_1929,137.9
r_1930,0.39
r_1931,10000000
r_1932,10000000
r_1935,-0
r_1936,-1.41
r_1937,121.68
r_1938,121.68
r_1939,121.68
r_1940,121.68
r_1941,121.68
r_1942,126.31
r_1943,126.31
r_1944,126.31
r_1945,126.31
r_1946,126.31
r_1947,10000000
r_1952,10000000
r_1963,4.98
r_1964,5.13
r_1965,-4.15
r_1966,-1.16
r_1967,10000000
r_1968,10000000
r_1970,-1.46
r_1971,-3.36
r_1972,2.1
r_1974,-16.92
r_1975,-6.65
r_1976,-0.68
r_1977,0
r_1978,0
r_1979,0
r_1980,0
r_1981,8.34
r_1984,10000000
r_1987,10000000
r_1988,-2.4
r_1989,10000000
r_1990,-0.32
r_1991,10000000
r_1992,10000000
r_1993,10000000
r_1994,10000000
r_1995,10000000
r_1996,8.37
r_1997,8.49
r_1998,3.54
r_1999,10000000
r_2000,10000000
r_2001,10000000
r_2002,-1.55
r_2003,0
r_2004,0
r_2005,10000000
r_2008,-0.45
r_2020,10000000
r_2022,10000000
r_2023,15.96
r_2024,10000000
r_2025,-15.45
r_2026,-6.15
r_2027,-1.96
r_2028,10000000
r_2029,-15.29
r_2030,7.14
r_2031,-7.84
r_2032,12.07
r_2033,10000000
r_2034,-0.68
r_2036,8.3
r_2037,10000000
r_2038,10000000
r_2039,10000000
r_2040,10000000
r_2041,1.94
r_2042,-4.15
r_2043,10000000
r_2044,10000000
r_2045,0
r_2046,10000000
r_2049,10000000
r_2050,-4.53
r_2051,10000000
r_2052,10000000
r_2053,3.96
r_2054,-3.96
r_2055,10000000
r_2056,10000000
r_2057,3.83
r_2058,10000000
r_2060,10000000
r_2061,10000000
r_2062,10000000
r_2063,10000000
r_2064,10000000
r_2065,10000000
r_2066,10000000
r_2067,10000000
r_2068,10000000
r_2069,10000000
r_2070,10000000
r_2071,10000000
r_2072,0
r_2073,10000000
r_2074,-15.23
r_2075,2.71
r_2079,-0.15
r_2080,-4.26
r_2082,0
r_2083,10000000
r_2084,-2.13
r_2085,0
r_2086,0
r_2087,-2.13
r_2089,-0.73
r_2090,10000000
r_2091,10000000
r_2092,10000000
r_2093,0
r_2094,0.16
r_2095,0
r_2096,0
r_2097,0
r_2098,0
r_2099,0
r_2100,10000000
r_2101,0.66
r_2102,10000000
r_2103,0.94
r_2104,10000000
r_2105,2.32
r_2106,10000000
r_2107,8.51
r_2108,10000000
r_2111,10000000
r_2112,10000000
r_2113,10000000
r_2114,-28.1
r_2115,-5.38
r_2116,-12.79
r_2117,-0
r_2118,-0
r_2119,0
r_2125,0
r_2126,10000000
r_2129,-4.83
r_2131,10.07
r_2132,0
r_2134,10000000
r_2136,9.29
r_2137,10000000
r_2139,8.13
r_2140,10000000
r_2141,-193.72
r_2142,10000000
r_2143,10000000
r_2144,10000000
r_2145,10000000
r_2146,10000000
r_2147,10000000
r_2148,10000000
r_2149,10000000
r_2150,10000000
r_2151,10000000
r_2152,10000000
r_2153,10000000
r_2154,2.44
r_2155,2.44
r_2156,10000000
r_2157,10000000
r_2158,2.44
r_2159,2.44
r_2160,10000000
r_2161,-8.85
r_2162,-8.85
r_2163,-8.85
r_2164,10000000
r_2165,-8.85
r_2166,-8.85
r_2167,-8.85
r_2168,2.16
r_2169,2.16
r_2170,2.16
r_2171,10000000
r_2172,12.86
r_2173,2.16
r_2174,2.16
r_2175,-21.64
r_2176,10000000
r_2177,-21.64
r_2178,-32.34
r_2179,-32.34
r_2180,10000000
r_2181,-21.64
r_2182,10000000
r_2183,-90.39
r_2184,4.64
r_2185,5.24
r_2186,6.02
r_2187,10000000
r_2188,10000000
r_2189,10000000
r_2190,2.89
r_2191,3.79
r_2192,7.98
r_2193,10000000
r_2194,-17.87
r_2195,-17.87
r_2196,10000000
r_2197,-17.87
r_2198,-17.87
r_2199,-17.87
r_2200,-17.65
r_2201,-17.65
r_2202,10000000
r_2203,-17.64
r_2204,-17.65
r_2205,-17.64
r_2206,-18.43
r_2207,-18.43
r_2208,-18.43
r_2209,-17.82
r_2210,-17.82
r_2211,10000000
r_2212,-17.82
r_2213,-17.87
r_2214,10000000
r_2215,-17.87
r_2216,-17.65
r_2217,10000000
r_2218,-17.65
r_2219,-17.1
r_2220,-17.88
r_2221,10000000
r_2222,-18.26
r_2223,-19.42
r_2224,-19.04
r_2225,-20.2
r_2226,-20.97
r_2227,10000000
r_2228,-22.52
r_2229,-1.16
r_2230,-1.93
r_2231,-6.19
r_2232,-7.41
r_2233,-7.41
r_2234,-7.41
r_2235,-7.41
r_2236,-15.16
r_2237,-15.16
r_2238,-15.16
r_2239,-4.46
r_2240,-4.46
r_2241,10000000
r_2242,-13.61
r_2243,-25.86
r_2244,-15.16
r_2245,10000000
r_2246,-15.16
r_2247,-4.46
r_2248,-2.16
r_2249,-2.16
r_2250,-2.16
r_2251,-2.16
r_2252,-2.16
r_2253,-2.16
r_2254,-2.16
r_2255,-2.16
r_2256,-2.16
r_2257,10000000
r_2258,-12.86
r_2259,-2.16
r_2260,6.99
r_2261,8.54
r_2262,-2.16
r_2263,10000000
r_2264,-2.16
r_2265,-12.86
r_2266,2.11
r_2267,2.11
r_2268,2.11
r_2269,2.11
r_2270,2.11
r_2271,2.11
r_2272,2.11
r_2273,2.11
r_2274,10000000
r_2275,2.11
r_2276,2.11
r_2277,10000000
r_2278,2.11
r_2279,2.11
r_2280,10000000
r_2281,12.81
r_2282,12.81
r_2283,-7.06
r_2284,-7.06
r_2285,-7.06
r_2286,10000000
r_2287,-7.06
r_2288,-7.06
r_2289,10000000
r_2290,-7.06
r_2291,-7.06
r_2292,10000000
r_2293,-17.76
r_2294,-17.76
r_2295,-12.25
r_2296,-13.97
r_2297,-12.25
r_2298,-1.55
r_2299,-13.97
r_2300,-1.55
r_2301,4.82
r_2302,-1.55
r_2303,-12.48
r_2304,-16.82
r_2305,-0.05
r_2308,10000000
r_2309,-3.61
r_2310,-3.61
r_2311,-3.61
r_2312,10000000
r_2313,10000000
r_2314,-3.61
r_2315,-3.61
r_2316,10000000
r_2317,-3.61
r_2318,-3.61
r_2319,-3.61
r_2320,10000000
r_2321,10000000
r_2322,-3.61
r_2323,-3.61
r_2324,-8.9
r_2325,10000000
r_2326,-8.9
r_2327,-8.9
r_2328,-8.87
r_2329,10000000
r_2330,-8.87
r_2331,-8.87
r_2332,-3.58
r_2333,-3.58
r_2334,-3.58
r_2335,-3.58
r_2336,-3.58
r_2337,-3.58
r_2338,-3.58
r_2339,-3.58
r_2340,-3.6
r_2341,-3.6
r_2342,-3.6
r_2343,-3.6
r_2344,7.03
r_2345,7.03
r_2346,7.03
r_2347,7.03
r_2348,7.03
r_2349,7.03
r_2350,7.03
r_2351,7.03
r_2352,6.6
r_2353,6.6
r_2354,6.6
r_2355,6.6
r_2356,6.6
r_2357,6.6
r_2358,6.6
r_2359,6.6
r_2360,6.67
r_2361,6.67
r_2362,6.67
r_2363,6.67
r_2364,6.67
r_2365,6.67
r_2366,6.67
r_2367,6.67
r_2368,10000000
r_2369,10000000
r_2370,10000000
r_2371,10000000
r_2372,10000000
r_2373,10000000
r_2374,10000000
r_2375,10000000
r_2376,-3.61
r_2377,-3.61
r_2378,-3.61
r_2379,-3.61
r_2380,-3.61
r_2381,-3.61
r_2382,-3.61
r_2383,-3.61
r_2384,-3.61
r_2385,-3.61
r_2386,-3.61
r_2387,-3.61
r_2388,-3.61
r_2389,-3.61
r_2390,-3.61
r_2391,-3.61
r_2392,-3.61
r_2393,-3.61
r_2394,-3.61
r_2395,-3.61
r_2396,-3.61
r_2397,-3.61
r_2398,-3.61
r_2399,-3.61
r_2400,10000000
r_2401,10000000
r_2402,10000000
r_2403,10000000
r_2404,10000000
r_2405,10000000
r_2406,10000000
r_2407,10000000
r_2408,-3.61
r_2409,-3.61
r_2410,-3.61
r_2411,-3.61
r_2412,-3.61
r_2413,-3.61
r_2414,-3.61
r_2415,-3.61
r_2416,-3.61
r_2417,-3.61
r_2418,-3.61
r_2419,-3.61
r_2420,-3.61
r_2421,-3.61
r_2422,-3.61
r_2423,-3.61
r_2424,-3.61
r_2425,-3.61
r_2426,-3.61
r_2427,-3.61
r_2428,-3.61
r_2429,-3.61
r_2430,-3.61
r_2431,-3.61
r_2432,1.11
r_2433,1.11
r_2434,1.11
r_2435,1.11
r_2436,1.11
r_2437,1.11
r_2438,1.11
r_2439,1.11
r_2440,1.96
r_2441,1.96
r_2442,1.96
r_2443,1.96
r_2444,1.96
r_2445,1.96
r_2446,-14.38
r_2447,-14.38
r_2448,-14.38
r_2449,-14.38
r_2450,-14.38
r_2451,-14.38
r_2452,-14.38
r_2453,-14.38
r_2454,-14.38
r_2455,-14.38
r_2456,-14.38
r_2457,-14.38
r_2458,-14.38
r_2459,-14.38
r_2460,-14.38
r_2461,-14.38
r_2462,-3.61
r_2463,-3.61
r_2464,-2.01
r_2465,-2.01
r_2466,-2.01
r_2467,-2.01
r_2468,-2.01
r_2469,-2.01
r_2470,-2.01
r_2471,-2.01
r_2472,-3.96
r_2473,-3.96
r_2474,-3.96
r_2475,-3.96
r_2476,-3.96
r_2477,-3.96
r_2478,-3.96
r_2479,-3.96
r_2480,-4.21
r_2481,-4.21
r_2482,-4.21
r_2483,-4.21
r_2484,-4.21
r_2485,-4.21
r_2486,-4.21
r_2487,-4.21
r_2488,-10.75
r_2489,-10.75
r_2490,-10.75
r_2491,-10.75
r_2492,-10.75
r_2493,-10.75
r_2494,-10.75
r_2495,-10.75
r_2496,-13.4
r_2497,-13.4
r_2498,-13.4
r_2499,-13.4
r_2500,-13.4
r_2501,-13.4
r_2502,-13.4
r_2503,-13.4
r_2504,22.95
r_2505,22.95
r_2506,22.95
r_2507,22.95
r_2508,22.95
r_2509,22.95
r_2510,22.95
r_2511,22.95
r_2512,-14.39
r_2513,-14.39
r_2514,-14.39
r_2515,-14.39
r_2516,-14.39
r_2517,-14.39
r_2518,-14.39
r_2519,-14.39
r_2520,-8.91
r_2521,-8.91
r_2522,-8.91
r_2523,-8.91
r_2524,-8.91
r_2525,-8.91
r_2526,-8.91
r_2527,-8.91
r_2528,-8.91
r_2529,-8.91
r_2530,-8.91
r_2531,-8.91
r_2532,-8.91
r_2533,-8.91
r_2534,-8.91
r_2535,-8.91
r_2536,-15.89
r_2537,-15.89
r_2538,-15.89
r_2539,-15.89
r_2540,-15.89
r_2541,-15.89
r_2542,7.95
r_2543,7.95
r_2544,7.95
r_2545,7.95
r_2546,7.95
r_2547,7.95
r_2548,-15.51
r_2549,-15.51
r_2550,-15.51
r_2551,-15.51
r_2552,-15.51
r_2553,-15.51
r_2554,-15.51
r_2555,-15.51
r_2556,-15.51
r_2557,-15.51
r_2558,-15.51
r_2559,-15.51
r_2560,-15.51
r_2561,-15.51
r_2562,-15.51
r_2563,-15.51
r_2564,-15.51
r_2565,-15.51
r_2566,-15.51
r_2567,-15.51
r_2568,-15.51
r_2569,-15.51
r_2570,-15.51
r_2571,-15.51
r_2572,-15.51
r_2573,-15.51
r_2574,-15.51
r_2575,-15.51
r_2576,-15.51
r_2577,-15.51
r_2578,-15.51
r_2579,-15.51
r_2580,-15.51
r_2581,-15.51
r_2582,-15.51
r_2583,-15.51
r_2584,-3.23
r_2585,-3.23
r_2586,-3.23
r_2587,-3.23
r_2588,-3.23
r_2589,-3.23
r_2590,-3.23
r_2591,-3.23
r_2592,-3.23
r_2593,-3.23
r_2594,-3.23
r_2595,-3.23
r_2596,-3.23
r_2597,-3.23
r_2598,-3.23
r_2599,-3.23
r_2600,-3.23
r_2601,-3.23
r_2602,-3.23
r_2603,-3.23
r_2604,-3.23
r_2605,-3.23
r_2606,-3.23
r_2607,-3.23
r_2608,-3.23
r_2609,-3.23
r_2610,-3.23
r_2611,-3.23
r_2612,-3.23
r_2613,-3.23
r_2614,-3.23
r_2615,-3.23
r_2616,-3.23
r_2617,-3.23
r_2618,-3.23
r_2619,-3.23
r_2620,-0
r_2621,0
r_2622,0
r_2623,0
r_2624,0
r_2625,-0
r_2626,-0
r_2627,0
r_2628,-0
r_2629,0
r_2630,0
r_2631,0
r_2632,-0
r_2633,-0
r_2634,-0
r_2635,-0
r_2636,-0
r_2637,-0
r_2638,-0
r_2639,-0
r_2640,-0
r_2641,-0
r_2642,-0
r_2643,-0
r_2644,-0
r_2645,-0
r_2646,-0
r_2647,-0
r_2648,-0
r_2649,-0
r_2650,-0
r_2651,0
r_2652,-0
r_2653,-0
r_2654,-0
r_2655,-0
r_2656,-0
r_2657,-0
r_2658,-0
r_2659,-0
r_2660,-0
r_2661,-0
r_2662,-0
r_2663,-0
r_2664,-0
r_2665,-0
r_2666,-0
r_2667,0
r_2668,-0
r_2669,-0
r_2670,-0
r_2671,-0
r_2672,-0
r_2673,-0
r_2674,-0
r_2675,-0
r_2676,-0
r_2677,-0
r_2678,-0
r_2679,-0
r_2680,-0
r_2681,-0
r_2682,-0
r_2683,0
r_2684,-0
r_2685,-0
r_2686,-0
r_2687,-0
r_2688,-0
r_2689,-0
r_2690,-0
r_2691,0
r_2692,-0
r_2693,0
r_2694,0
r_2695,0
r_2696,0
r_2697,0
r_2698,0
r_2699,0
r_2700,-0
r_2701,-0
r_2702,-0
r_2703,-0
r_2704,-0
r_2705,-0
r_2706,-0
r_2707,0
r_2708,-0
r_2709,0
r_2710,0
r_2711,0
r_2712,0
r_2713,0
r_2714,0
r_2715,0
r_2716,-0
r_2717,0
r_2718,0
r_2719,0
r_2720,0
r_2721,-0
r_2722,-0
r_2723,0
r_2724,-0
r_2725,-0
r_2726,-0
r_2727,-0
r_2728,-0
r_2729,-0
r_2730,-0
r_2731,-0
r_2732,-0
r_2733,0
r_2734,0
r_2735,0
r_2736,-0
r_2737,-0
r_2738,-0
r_2739,-0
r_2740,-0
r_2741,-0
r_2742,-0
r_2743,-0
r_2744,-0
r_2745,-0
r_2746,-0
r_2747,0
r_2748,-0
r_2749,-0
r_2750,-0
r_2751,-0
r_2752,-0
r_2753,-0
r_2754,-0
r_2755,-0
r_2756,-0
r_2757,-0
r_2758,-0
r_2759,-0
r_2760,-0
r_2761,-0
r_2762,-0
r_2763,0
r_2764,-0
r_2765,-0
r_2766,-0
r_2767,-0
r_2768,-0
r_2769,-0
r_2770,-0
r_2771,0
r_2772,-0
r_2773,0
r_2774,0
r_2775,0
r_2776,0
r_2777,0
r_2778,0
r_2779,0
r_2780,-0
r_2781,-0
r_2782,-0
r_2783,-0
r_2784,-0
r_2785,-0
r_2786,-0
r_2787,-0
r_2788,-0
r_2789,-0
r_2790,-0
r_2791,-0
r_2792,-0
r_2793,-0
r_2794,-0
r_2795,0
r_2796,-0
r_2797,-0
r_2798,-0
r_2799,-0
r_2800,-0
r_2801,-0
r_2802,-0
r_2803,0
r_2804,-0
r_2805,0
r_2806,0
r_2807,0
r_2808,0
r_2809,0
r_2810,0
r_2811,0
r_2812,-3.61
r_2813,-3.61
r_2814,-3.61
r_2815,-3.61
r_2816,-3.61
r_2817,-3.61
r_2818,-3.61
r_2819,-3.61
r_2820,-15.59
r_2821,-15.59
r_2822,-15.59
r_2823,-15.59
r_2824,-15.59
r_2825,-15.59
r_2826,-15.59
r_2827,-15.59
r_2828,-14.79
r_2829,-14.79
r_2830,-14.79
r_2831,-14.79
r_2832,-14.79
r_2833,-14.79
r_2834,-14.79
r_2835,-14.79
r_2836,-14.93
r_2837,-14.93
r_2838,-14.93
r_2839,-14.93
r_2840,-14.93
r_2841,-14.93
r_2842,-14.93
r_2843,-14.93
r_2844,-15.59
r_2845,-15.59
r_2846,-15.59
r_2847,-15.59
r_2848,-15.59
r_2849,-15.59
r_2850,-15.59
r_2851,-15.59
r_2852,-14.79
r_2853,-14.79
r_2854,-14.79
r_2855,-14.79
r_2856,-14.79
r_2857,-14.79
r_2858,-14.79
r_2859,-14.79
r_2860,-15.54
r_2861,-15.54
r_2862,-15.54
r_2863,-15.54
r_2864,-15.54
r_2865,-15.54
r_2866,-15.54
r_2867,-15.54
r_2868,-15.54
r_2869,-15.54
r_2870,-15.54
r_2871,-15.54
r_2872,-15.54
r_2873,-15.54
r_2874,-15.54
r_2875,-15.54
r_2876,-14.79
r_2877,-14.79
r_2878,-14.79
r_2879,-14.79
r_2880,-14.79
r_2881,-14.79
r_2882,-14.79
r_2883,-14.79
r_2884,-0
r_2885,-0
r_2886,-0
r_2887,-0
r_2888,-0
r_2889,-0
r_2890,-0
r_2891,-0
r_2892,-0
r_2893,0
r_2894,0
r_2895,0
r_2896,-0
r_2897,-0
r_2898,-0
r_2899,-0
r_2900,-0
r_2901,0
r_2902,0
r_2903,0
r_2904,0
r_2905,0
r_2906,0
r_2907,0
r_2908,-0
r_2909,0
r_2910,0
r_2911,0
r_2912,-0
r_2913,-0
r_2914,-0
r_2915,-0
r_2916,-0
r_2917,0
r_2918,0
r_2919,0
r_2920,0
r_2921,0
r_2922,0
r_2923,0
r_2924,-0
r_2925,0
r_2926,0
r_2927,0
r_2928,-0
r_2929,-0
r_2930,-0
r_2931,-0
r_2932,-0
r_2933,0
r_2934,0
r_2935,0
r_2936,0
r_2937,0
r_2938,0
r_2939,0
r_2940,-0
r_2941,-0
r_2942,-0
r_2943,-0
r_2944,-0
r_2945,-0
r_2946,-0
r_2947,-0
r_2948,-0
r_2949,-0
r_2950,-0
r_2951,-0
r_2952,-0
r_2953,-0
r_2954,-0
r_2955,0
r_2956,0
r_2957,0
r_2958,0
r_2959,0
r_2960,-0
r_2961,-0
r_2962,-0
r_2963,0
r_2964,0
r_2965,0
r_2966,0
r_2967,0
r_2968,-0
r_2969,0
r_2970,0
r_2971,0
r_2972,0
r_2973,0
r_2974,0
r_2975,0
r_2976,-0
r_2977,-0
r_2978,-0
r_2979,-0
r_2980,0
r_2981,0
r_2982,0
r_2983,0
r_2984,-0
r_2985,0
r_2986,0
r_2987,0
r_2988,0
r_2989,0
r_2990,0
r_2991,0
r_2992,-0
r_2993,-0
r_2994,-0
r_2995,-0
r_2996,0
r_2997,0
r_2998,0
r_2999,0
r_3000,-0
r_3001,0
r_3002,0
r_3003,0
r_3004,-0
r_3005,-0
r_3006,-0
r_3007,-0
r_3008,-0
r_3009,-0
r_3010,-0
r_3011,0
r_3022,-2.43
r_3023,-2.43
r_3024,-2.43
r_3025,-2.43
r_3026,-2.43
r_3027,-2.43
r_3028,-2.43
r_3029,-2.43
r_3030,-2.43
r_3031,-2.43
r_3032,-2.43
r_3033,-2.43
r_3034,-2.16
r_3035,-2.16
r_3036,-2.16
r_3037,-2.16
r_3038,-2.16
r_3039,-2.16
r_3040,-2.16
r_3041,-2.16
r_3042,-2.16
r_3043,-2.16
r_3044,-2.16
r_3045,-2.16
r_3046,-2.16
r_3047,-2.16
r_3048,-2.16
r_3049,-2.16
r_3050,-2.16
r_3051,-2.16
r_3052,-2.16
r_3053,-2.16
r_3054,-2.16
r_3055,-2.16
r_3056,-2.16
r_3057,-2.16
r_3058,-2.16
r_3059,-2.16
r_3060,-2.16
r_3061,-2.16
r_3062,-2.16
r_3063,-2.16
r_3064,-2.16
r_3065,-2.16
r_3066,-2.16
r_3067,-2.16
r_3068,-2.16
r_3069,-2.16
r_3070,-2.16
r_3071,-2.16
r_3072,-2.16
r_3073,-2.16
r_3074,-2.16
r_3075,-2.16
r_3076,-2.16
r_3077,-2.16
r_3078,-2.16
r_3079,-2.16
r_3080,-2.16
r_3081,-2.16
r_3082,-4.81
r_3083,-4.81
r_3084,-4.81
r_3085,-4.81
r_3086,-4.81
r_3087,-4.81
r_3088,-4.81
r_3089,-4.81
r_3090,-4.76
r_3091,-4.76
r_3092,-4.76
r_3093,-4.76
r_3094,-4.76
r_3095,-4.76
r_3096,-4.76
r_3097,-4.76
r_3098,-15.83
r_3099,-15.83
r_3100,-15.83
r_3101,-15.83
r_3102,-15.83
r_3103,-15.83
r_3104,-14.47
r_3105,-14.47
r_3106,-14.47
r_3107,-14.47
r_3108,-14.47
r_3109,-14.47
r_3110,-14.47
r_3111,-14.47
r_3112,6.92
r_3113,6.92
r_3114,6.92
r_3115,6.92
r_3116,6.92
r_3117,6.92
r_3118,6.92
r_3119,6.92
r_3120,7.87
r_3121,7.87
r_3122,7.87
r_3123,7.87
r_3124,7.87
r_3125,7.87
r_3126,7.87
r_3127,7.87
r_3128,7
r_3129,7
r_3130,7
r_3131,7
r_3132,7
r_3133,7
r_3134,7
r_3135,7
r_3136,6.57
r_3137,6.57
r_3138,6.57
r_3139,6.57
r_3140,6.57
r_3141,6.57
r_3142,6.57
r_3143,6.57
r_3144,6.92
r_3145,6.92
r_3146,6.92
r_3147,6.92
r_3148,6.92
r_3149,6.92
r_3150,6.92
r_3151,6.92
r_3152,7.87
r_3153,7.87
r_3154,7.87
r_3155,7.87
r_3156,7.87
r_3157,7.87
r_3158,7.87
r_3159,7.87
r_3160,7
r_3161,7
r_3162,7
r_3163,7
r_3164,7
r_3165,7
r_3166,7
r_3167,7
r_3168,6.57
r_3169,6.57
r_3170,6.57
r_3171,6.57
r_3172,6.57
r_3173,6.57
r_3174,6.57
r_3175,6.57
r_3176,6.92
r_3177,6.92
r_3178,6.92
r_3179,6.92
r_3180,6.92
r_3181,6.92
r_3182,6.92
r_3183,6.92
r_3184,9.4
r_3185,9.4
r_3186,9.4
r_3187,9.4
r_3188,9.4
r_3189,9.4
r_3190,9.4
r_3191,9.4
r_3192,6.87
r_3193,6.87
r_3194,6.87
r_3195,6.87
r_3196,6.87
r_3197,6.87
r_3198,6.87
r_3199,6.87
r_3200,9.4
r_3201,9.4
r_3202,9.4
r_3203,9.4
r_3204,9.4
r_3205,9.4
r_3206,9.4
r_3207,9.4
r_3208,6.97
r_3209,6.97
r_3210,6.97
r_3211,6.97
r_3212,6.97
r_3213,6.97
r_3214,6.97
r_3215,6.97
r_3216,6.48
r_3217,6.48
r_3218,6.48
r_3219,6.48
r_3220,6.48
r_3221,6.48
r_3222,6.48
r_3223,6.48
r_3224,-15.77
r_3225,-15.77
r_3226,-15.77
r_3227,-15.77
r_3228,-15.77
r_3229,-15.77
r_3230,-15.77
r_3231,-15.77
r_3232,-15.91
r_3233,-15.91
r_3234,-15.91
r_3235,-15.91
r_3236,-15.91
r_3237,-15.91
r_3238,-15.91
r_3239,-15.91
r_3240,7.14
r_3241,7.14
r_3242,7.14
r_3243,7.14
r_3244,6.76
r_3245,6.76
r_3246,6.76
r_3247,6.76
r_3248,6.81
r_3249,6.81
r_3250,6.81
r_3251,6.81
r_3252,-2.55
r_3253,-2.55
r_3254,-2.55
r_3255,-2.55
r_3256,-2.55
r_3257,-2.55
r_3258,-2.55
r_3259,-2.55
r_3260,-2.55
r_3261,-2.55
r_3262,-2.16
r_3263,-2.16
r_3264,-2.55
r_3265,-2.55
r_3266,-2.55
r_3267,-2.55
r_3268,-2.55
r_3269,-2.55
r_3270,-2.55
r_3271,-2.55
r_3272,-2.55
r_3273,-2.55
r_3274,-2.55
r_3275,-2.55
r_3276,-2.55
r_3277,-2.55
r_3278,-2.55
r_3279,-2.55
r_3280,-2.55
r_3281,-2.55
r_3282,-2.55
r_3283,-2.55
r_3284,-2.55
r_3285,-2.55
r_3286,-2.55
r_3287,-2.55
r_3288,-2.55
r_3289,-2.55
r_3290,-2.55
r_3291,-2.55
r_3292,-2.55
r_3293,-2.55
r_3294,-2.55
r_3295,-2.55
r_3296,-2.55
r_3297,-2.55
r_3298,-2.55
r_3299,-2.55
r_3300,-2.55
r_3301,-2.55
r_3302,-2.55
r_3303,-2.55
r_3304,-3.23
r_3305,-3.23
r_3306,-3.23
r_3307,-3.23
r_3308,-2.55
r_3309,-2.55
r_3310,-2.55
r_3311,-2.55
r_3312,-3.61
r_3313,-3.61
r_3314,-3.61
r_3315,-3.61
r_3316,-2.55
r_3317,-2.55
r_3318,-2.55
r_3319,-2.55
r_3320,-2.55
r_3321,-2.55
r_3322,-2.55
r_3323,-2.55
r_3324,-2.55
r_3325,-2.55
r_3326,-2.55
r_3327,-2.55
r_3328,-2.55
r_3329,-2.55
r_3330,-2.55
r_3331,-2.55
r_3332,7.55
r_3333,7.55
r_3334,7.55
r_3335,7.55
r_3336,7.55
r_3337,7.55
r_3338,7.55
r_3339,7.55
r_3340,7.46
r_3341,7.46
r_3342,7.46
r_3343,7.46
r_3344,7.46
r_3345,7.46
r_3346,7.46
r_3347,7.46
r_3348,0
r_3349,0
r_3350,0
r_3351,0
r_3352,0
r_3353,0
r_3354,0
r_3355,0
r_3356,0
r_3357,-0
r_3358,-0
r_3359,-0
r_3360,-0
r_3361,-0
r_3362,-0
r_3363,0
r_3364,0
r_3365,0
r_3366,0
r_3367,0
r_3368,0
r_3369,0
r_3370,0
r_3371,0
r_3372,-0
r_3373,-0
r_3374,-0
r_3375,-0
r_3376,-0
r_3377,-0
r_3378,-0
r_3379,0
r_3380,0
r_3381,0
r_3382,0
r_3383,0
r_3384,0
r_3385,0
r_3386,0
r_3387,0
r_3388,-0
r_3389,-0
r_3390,-0
r_3391,-0
r_3392,-0
r_3393,-0
r_3394,-0
r_3395,0
r_3396,0
r_3397,-0
r_3398,-0
r_3399,-0
r_3400,-0
r_3401,-0
r_3402,-0
r_3403,0
r_3404,-0
r_3405,-0
r_3406,-0
r_3407,-0
r_3408,-0
r_3409,-0
r_3410,-0
r_3411,-0
r_3412,0
r_3413,0
r_3414,0
r_3415,0
r_3416,0
r_3417,0
r_3418,0
r_3419,0
r_3420,-0
r_3421,-0
r_3422,-0
r_3423,-0
r_3424,-0
r_3425,-0
r_3426,-0
r_3427,0
r_3428,0
r_3429,-0
r_3430,-0
r_3431,0
r_3432,-0
r_3433,0
r_3434,0
r_3435,0
r_3436,-0
r_3437,-0
r_3438,-0
r_3439,-0
r_3440,-0
r_3441,-0
r_3442,-0
r_3443,0
r_3444,0
r_3445,-0
r_3446,-0
r_3447,0
r_3448,-0
r_3449,0
r_3450,0
r_3451,0
r_3452,0
r_3453,-0
r_3454,-0
r_3455,-0
r_3456,-0
r_3457,-0
r_3458,-0
r_3459,0
r_3460,0
r_3461,-0
r_3462,-0
r_3463,0
r_3464,-0
r_3465,0
r_3466,0
r_3467,0
r_3468,0
r_3469,-0
r_3470,-0
r_3471,-0
r_3472,-0
r_3473,-0
r_3474,-0
r_3475,0
r_3476,0
r_3477,0
r_3478,0
r_3479,0
r_3480,0
r_3481,0
r_3482,0
r_3483,0
r_3484,0
r_3485,-0
r_3486,-0
r_3487,-0
r_3488,-0
r_3489,-0
r_3490,-0
r_3491,0
r_3492,0
r_3493,-0
r_3494,-0
r_3495,0
r_3496,-0
r_3497,0
r_3498,0
r_3499,0
r_3500,-0
r_3501,-0
r_3502,-0
r_3503,-0
r_3504,-0
r_3505,-0
r_3506,-0
r_3507,0
r_3508,2.01
r_3509,2.33
r_3510,2.65
r_3511,2.49
r_3512,2.96
r_3513,2.8
r_3514,7.42
r_3515,7.34
r_3516,7.66
r_3517,10000000
r_3518,7.82
r_3519,8.29
r_3520,8.13
r_3521,8.61
r_3522,8.93
r_3523,10000000
r_3524,9.56
r_3525,0
r_3526,0.16
r_3527,0
r_3528,5.6
r_3529,5.13
r_3530,4.98
r_3531,0
r_3532,2.41
r_3533,2.14
r_3534,1.27
r_3535,1.14
r_3536,1.93
r_3537,0.72
r_3538,3.57
r_3539,2.3
r_3540,1.69
r_3541,2.2
r_3542,2.67
r_3543,3.57
r_3544,1.69
r_3545,0.55
r_3546,0.95
r_3547,2.67
r_3548,1.86
r_3549,3.64
r_3550,3.64
r_3551,3.96
r_3552,3.48
r_3553,3.48
r_3554,5.22
r_3555,5.07
r_3556,5.54
r_3557,5.38
r_3558,5.54
r_3559,5.38
r_3560,5.86
r_3561,5.7
r_3562,6.21
r_3563,6.05
r_3564,6.53
r_3565,6.37
r_3566,6.53
r_3567,6.37
r_3568,6.84
r_3569,6.68
r_3570,-1.58
r_3571,0
r_3572,0
r_3573,0
r_3574,0
r_3575,0
r_3576,0
r_3577,10000000
r_3578,0
r_3579,0
r_3580,0
r_3581,0
r_3582,0
r_3583,0
r_3584,0
r_3585,0
r_3586,0
r_3587,0
r_3588,0
r_3589,0
r_3590,0
r_3591,0
r_3592,0
r_3593,0
r_3594,0
r_3595,0
r_3596,0
r_3597,0
r_3598,0
r_3599,10000000
r_3600,0
r_3601,0.12
r_3602,-1.16
r_3603,0
r_3604,-0.39
r_3605,0.33
r_3606,3.87
r_3607,3.29
r_3608,5.81
r_3609,5.42
r_3610,6.58
r_3611,6.2
r_3612,10.5
r_3613,11.27
r_3614,10000000
r_3615,12.82
r_3616,9.6
r_3617,9.21
r_3618,10.37
r_3619,9.99
r_3620,10.37
r_3621,9.99
r_3622,11.15
r_3623,10.76
r_3624,12.84
r_3625,12.46
r_3626,13.62
r_3627,13.23
r_3628,13.62
r_3629,13.23
r_3630,14.39
r_3631,14.01
r_3632,7.87
r_3633,7.48
r_3634,8.64
r_3635,8.26
r_3636,8.64
r_3637,8.26
r_3638,9.42
r_3639,9.03
r_3640,12.77
r_3641,12.39
r_3642,13.55
r_3643,13.16
r_3644,13.55
r_3645,13.16
r_3646,14.32
r_3647,13.93
r_3648,-2.65
r_3649,-1.58
r_3650,0
r_3651,-14.44
r_3652,-15.71
r_3653,-0
r_3654,94.06
r_3655,91.41
r_3656,99.36
r_3657,96.71
r_3658,99.36
r_3659,96.71
r_3660,104.66
r_3661,102.01
r_3662,-2.16
r_3663,-1.13
r_3664,0
r_3665,-0
r_3666,-11.26
r_3667,-12.54
r_3668,1.36
r_3669,0
r_3670,40.9
r_3671,43.63
r_3672,-44.99
r_3673,-43.63
r_3674,-47.72
r_3675,-46.35
r_3676,-47.72
r_3677,-46.35
r_3678,-21.13
r_3679,-23.86
r_3680,-21.82
r_3681,-2.01
r_3682,-2.33
r_3683,-3.91
r_3684,-4.23
r_3685,-7.6
r_3686,-7.44
r_3687,-7.92
r_3688,-7.76
r_3689,-7.44
r_3690,-7.28
r_3691,-7.76
r_3692,-7.6
r_3693,-7.92
r_3694,-7.76
r_3695,-8.23
r_3696,-8.07
r_3697,-7.76
r_3698,-7.6
r_3699,-8.07
r_3700,-7.92
r_3701,-7.92
r_3702,-7.76
r_3703,-8.23
r_3704,-8.07
r_3705,-7.76
r_3706,-7.6
r_3707,-8.07
r_3708,-7.92
r_3709,-8.23
r_3710,-8.07
r_3711,-8.55
r_3712,-8.39
r_3713,-8.07
r_3714,-7.92
r_3715,-8.39
r_3716,-8.23
r_3717,-3.64
r_3718,-3.64
r_3719,-3.96
r_3720,-3.48
r_3721,-5.7
r_3722,-6.02
r_3723,-5.86
r_3724,-6.17
r_3725,-5.86
r_3726,-6.17
r_3727,-6.17
r_3728,-6.49
r_3729,-5.7
r_3730,-6.02
r_3731,-6.17
r_3732,-6.02
r_3733,-6.49
r_3734,-6.33
r_3735,-6.49
r_3736,-6.33
r_3737,-6.81
r_3738,-6.65
r_3739,-5.7
r_3740,-5.54
r_3741,-6.02
r_3742,-5.86
r_3743,-6.02
r_3744,-5.86
r_3745,-6.33
r_3746,-6.17
r_3747,-3.96
r_3748,-3.8
r_3749,-4.27
r_3750,-4.12
r_3751,-3.48
r_3752,-3.32
r_3753,-3.8
r_3754,-3.64
r_3755,6.19
r_3756,6.03
r_3757,6.51
r_3758,6.35
r_3759,38.46
r_3760,37.25
r_3761,40.87
r_3762,39.66
r_3763,40.87
r_3764,39.66
r_3765,42.59
r_3766,41.38
r_3767,45
r_3768,43.79
r_3769,45
r_3770,43.79
r_3771,47.41
r_3772,46.2
r_3773,-43.38
r_3774,-42.18
r_3775,-45.79
r_3776,-44.59
r_3777,-45.79
r_3778,-44.59
r_3779,-48.2
r_3780,-47
r_3781,47
r_3782,45.79
r_3783,49.41
r_3784,48.2
r_3785,49.41
r_3786,48.2
r_3787,51.82
r_3788,50.61
r_3789,-76.48
r_3790,-74.17
r_3791,-81.12
r_3792,-78.8
r_3793,-81.12
r_3794,-78.8
r_3795,-85.75
r_3796,-83.44
r_3797,-75.65
r_3798,-73.33
r_3799,-80.29
r_3800,-77.97
r_3801,-80.29
r_3802,-77.97
r_3803,-84.92
r_3804,-82.6
r_3805,-88.07
r_3806,-85.75
r_3807,-92.71
r_3808,-90.39
r_3809,-92.71
r_3810,-90.39
r_3811,-97.34
r_3812,-95.02
r_3813,-82.28
r_3814,-79.96
r_3815,-86.91
r_3816,-84.6
r_3817,-86.91
r_3818,-84.6
r_3819,-91.55
r_3820,-89.23
r_3821,83.44
r_3822,81.12
r_3823,88.07
r_3824,85.75
r_3825,88.07
r_3826,85.75
r_3827,92.71
r_3828,90.39
r_3829,-91.74
r_3830,-88.93
r_3831,-97.35
r_3832,-94.54
r_3833,-97.35
r_3834,-94.54
r_3835,-102.97
r_3836,-100.16
r_3837,-106.72
r_3838,-103.91
r_3839,-112.34
r_3840,-109.53
r_3841,-112.34
r_3842,-109.53
r_3843,-117.96
r_3844,-115.15
r_3845,-99.7
r_3846,-96.89
r_3847,-105.32
r_3848,-102.51
r_3849,-105.32
r_3850,-102.51
r_3851,-110.93
r_3852,-108.13
r_3853,101.11
r_3854,98.3
r_3855,106.72
r_3856,103.91
r_3857,106.72
r_3858,103.91
r_3859,112.34
r_3860,109.53
r_3861,105.69
r_3862,102.88
r_3863,111.3
r_3864,108.5
r_3865,111.3
r_3866,108.5
r_3867,116.92
r_3868,114.11
r_3869,-20.72
r_3870,-20.18
r_3871,-21.81
r_3872,-21.27
r_3873,-21.81
r_3874,-21.27
r_3875,-22.9
r_3876,-22.36
r_3877,-21.27
r_3878,-20.72
r_3879,-22.36
r_3880,-21.81
r_3881,-22.36
r_3882,-21.81
r_3883,-23.45
r_3884,-22.9
r_3885,-19.63
r_3886,-19.09
r_3887,-20.72
r_3888,-20.18
r_3889,-20.72
r_3890,-20.18
r_3891,-21.81
r_3892,-21.27
r_3893,-19.36
r_3894,-18.81
r_3895,-20.45
r_3896,-19.9
r_3897,-20.45
r_3898,-19.9
r_3899,-21.54
r_3900,-21
r_3901,12.82
r_3902,13.91
r_3903,17.76
r_3904,17.22
r_3905,18.85
r_3906,18.31
r_3907,18.85
r_3908,18.31
r_3909,19.95
r_3910,19.4
r_3911,20.48
r_3912,19.93
r_3913,21.57
r_3914,21.03
r_3915,21.57
r_3916,21.03
r_3917,22.66
r_3918,22.12
r_3919,20.22
r_3920,19.68
r_3921,21.31
r_3922,20.77
r_3923,21.31
r_3924,20.77
r_3925,22.4
r_3926,21.86
r_3927,-19.63
r_3928,-20.72
r_3929,-20.72
r_3930,-20.18
r_3931,-21.81
r_3932,-21.27
r_3933,-21.81
r_3934,-21.27
r_3935,-22.9
r_3936,-22.36
r_3937,0
r_3938,0
r_3939,0
r_3940,0
r_3941,0.11
r_3942,0.11
r_3943,0.11
r_3944,0.11
r_3945,0.11
r_3946,0.11
r_3947,0.11
r_3948,0.11
r_3949,0.68
r_3950,0.68
r_3951,0.68
r_3952,0.68
r_3953,0.68
r_3954,0.68
r_3955,0.68
r_3956,0.68
r_3957,0
r_3958,0
r_3959,0
r_3960,0
r_3961,0
r_3962,0
r_3963,10000000
r_3964,10000000
r_3965,10000000
r_3966,10000000
r_3967,10000000
r_3968,10000000
r_3969,10000000
r_3970,10000000
r_3971,10000000
r_3972,10000000
r_3973,10000000
r_3975,10000000
r_3976,10000000
r_3977,10000000
r_3978,10000000
r_3979,10000000
r_3980,10000000
r_3981,10000000
r_3982,10000000
r_3983,10000000
r_3984,10000000
r_3985,10000000
r_3986,10000000
r_3987,10000000
r_3988,10000000
r_3989,10000000
r_3990,10000000
r_3991,10000000
r_3992,10000000
r_3993,10000000
r_3994,10000000
r_3995,10000000
r_3996,10000000
r_3997,10000000
r_3998,10000000
r_3999,10000000
r_4000,10000000
r_4001,10000000
r_4002,10000000
r_4003,10000000
r_4004,10000000
r_4005,10000000
r_4006,10000000
r_4007,10000000
r_4008,10000000
r_4009,10000000
r_4010,10000000
r_4011,10000000
r_4012,10000000
r_4013,10000000
r_4014,10000000
r_4015,10000000
r_4016,10000000
r_4017,10000000
r_4018,10000000
r_4019,10000000
r_4020,10000000
r_4021,10000000
r_4022,10000000
r_4023,10000000
r_4024,10000000
r_4025,10000000
r_4026,10000000
r_4027,10000000
r_4028,10000000
r_4029,10000000
r_4030,10000000
r_4031,10000000
r_4032,10000000
r_4033,10000000
r_4034,10000000
r_4035,10000000
r_4036,10000000
r_4037,10000000
r_4038,10000000
r_4039,2.7
r_4040,10000000
r_4041,10000000
r_4042,10000000
r_4043,10000000
r_4044,10000000
r_4045,-0.73
r_4046,-8.11
r_4047,10000000
r_4048,10000000
r_4049,10000000
r_4050,10000000
r_4051,10000000
r_4052,10000000
r_4053,10000000
r_4054,10000000
r_4055,10000000
r_4056,10000000
r_4057,10000000
r_4058,10000000
r_4059,10000000
r_4060,10000000
r_4061,10000000
r_4062,10000000
r_4063,10000000
r_4064,10000000
r_4065,10000000
r_4066,10000000
r_4067,10000000
r_4068,10000000
r_4069,10000000
r_4070,10000000
r_4071,10000000
r_4072,10000000
r_4073,10000000
r_4074,10000000
r_4075,10000000
r_4076,10000000
r_4077,10000000
r_4078,10000000
r_4079,10000000
r_4080,10000000
r_4081,10000000
r_4082,10000000
r_4083,10000000
r_4084,10000000
r_4085,10000000
r_4086,10000000
r_4087,10000000
r_4088,10000000
r_4089,10000000
r_4090,10000000
r_4091,10000000
r_4092,10000000
r_4093,10000000
r_4094,10000000
r_4095,10000000
r_4096,10000000
r_4097,10000000
r_4098,10000000
r_4099,10000000
r_4100,10000000
r_4101,10000000
r_4102,10000000
r_4103,10000000
r_4104,10000000
r_4105,10000000
r_4106,10000000
r_4107,10000000
r_4108,10000000
r_4109,10000000
r_4110,10000000
r_4111,10000000
r_4112,10000000
r_4113,10000000
r_4114,10000000
r_4115,10000000
r_4116,10000000
r_4117,10000000
r_4118,10000000
r_4119,10000000
r_4120,10000000
r_4121,10000000
r_4122,10000000
r_4123,10000000
r_4124,10000000
r_4125,10000000
r_4126,10000000
r_4127,10000000
r_4128,10000000
r_4129,10000000
r_4130,10000000
r_4131,10000000
r_4132,10000000
r_4133,10000000
r_4134,10000000
r_4135,10000000
r_4136,10000000
r_4137,10000000
r_4138,10000000
r_4139,10000000
r_4140,10000000
r_4141,10000000
r_4142,10000000
r_4143,10000000
r_4144,10000000
r_4145,10000000
r_4146,10000000
r_4147,10000000
r_4148,10000000
r_4149,10000000
r_4150,10000000
r_4151,10000000
r_4152,10000000
r_4153,5.82
r_4154,6.21
r_4155,10000000
r_4156,2.76
r_4157,10.45
r_4158,10000000
r_4159,10000000
r_4160,-31.39
r_4161,2.71
r_4162,1.74
r_4163,2.71
r_4164,-21.17
r_4165,10000000
r_4166,10000000
r_4167,10000000
r_4168,-2.32
r_4169,-2.32
r_4170,10000000
r_4171,-4.76
r_4172,10000000
r_4173,10000000
r_4174,0
r_4175,3.27
r_4176,3.26
r_4177,3.27
r_4178,3.27
r_4179,3.27
r_4180,3.27
r_4181,10000000
r_4183,1.61
r_4184,3.56
r_4185,-4.11
r_4186,10000000
r_4187,10000000
r_4188,-2.94
r_4189,0.37
r_4190,10000000
r_4191,7.11
r_4192,10000000
r_4193,10000000
r_4194,10000000
r_4195,10000000
r_4196,10000000
r_4197,10000000
r_4198,9.76
r_4199,10000000
r_4200,10000000
r_4201,10000000
r_4202,10000000
r_4203,2.99
r_4204,-1.2
r_4205,-9.93
r_4206,-0.74
r_4207,10000000
r_4208,-1.46
r_4209,-0.4
r_4210,3.55
r_4211,-48
r_4212,-48.6
r_4214,4.56
r_4215,10000000
r_4216,10000000
r_4217,-46.29
r_4218,10000000
r_4219,10000000
r_4220,10000000
r_4221,3.17
r_4222,-15.22
r_4223,-6.84
r_4224,10000000
r_4225,-2.69
r_4226,-4.11
r_4227,-5.11
r_4228,-5.11
r_4230,5.11
r_4231,-5.11
r_4232,-16
r_4233,10000000
r_4234,10000000
r_4236,16.42
r_4237,10000000
r_4238,10000000
r_4239,10000000
r_4241,10000000
r_4242,10000000
r_4243,10000000
r_4244,10000000
r_4245,-3.02
r_4246,10000000
r_4247,-12.04
r_4248,-7.9
r_4249,10000000
r_4250,10000000
r_4251,10000000
r_4252,10000000
r_4253,10000000
r_4254,10000000
r_4255,10000000
r_4256,-5.03
r_4258,10000000
r_4260,-5.49
r_4261,-6.17
r_4262,1.42
r_4263,-0.19
r_4264,13.92
r_4265,10000000
r_4266,-23.79
r_4267,-27.87
r_4268,-27.87
r_4269,10000000
r_4270,10000000
r_4271,10000000
r_4272,10000000
r_4273,10000000
r_4274,-6.12
r_4275,-72.46
r_4276,-56.75
r_4277,10000000
r_4278,10000000
r_4279,-5.68
r_4280,10000000
r_4281,10000000
r_4282,-16.73
r_4283,-15.23
r_4284,-15.23
r_4285,-15.23
r_4286,-16.25
r_4287,-15.23
r_4288,0
r_4291,-10.6
r_4292,-8.49
r_4293,-13.97
r_4294,-10.61
r_4295,-10.6
r_4296,-17.11
r_4297,-14.07
r_4298,-11.02
r_4299,-5.43
r_4300,-10.61
r_4301,-10.6
r_4302,10000000
r_4303,10000000
r_4304,10000000
r_4305,-10.6
r_4306,-10.61
r_4307,-10.61
r_4308,10000000
r_4309,-2.55
r_4310,10000000
r_4311,2.77
r_4312,-19.79
r_4313,10000000
r_4314,10000000
r_4315,7.28
r_4316,10000000
r_4317,-3.11
r_4318,-3.11
r_4319,10000000
r_4320,10000000
r_4321,10000000
r_4322,10000000
r_4323,10000000
r_4324,10000000
r_4325,10000000
r_4326,-21.6
r_4327,10000000
r_4328,10000000
r_4329,0.77
r_4330,8.64
r_4331,10000000
r_4332,-1.13
r_4333,10000000
r_4334,10000000
r_4335,-8.11
r_4336,-5.5
r_4337,10000000
r_4338,10000000
r_4339,10000000
r_4340,10000000
r_4341,4.96
r_4342,7.11
r_4343,-3.41
r_4344,10.04
r_4345,7.09
r_4346,1.28
r_4347,7.1
r_4348,1.49
r_4349,0.58
r_4350,7.88
r_4351,-9.61
r_4352,1.46
r_4353,10000000
r_4354,10000000
r_4355,4.11
r_4356,-2.37
r_4357,7.09
r_4358,1.13
r_4359,-1.14
r_4360,0.67
r_4361,-4.48
r_4362,2.87
r_4363,10000000
r_4364,10000000
r_4365,-2.76
r_4366,10000000
r_4367,10000000
r_4368,8.41
r_4369,10000000
r_4370,7.09
r_4371,1.34
r_4372,-18.06
r_4373,-0.99
r_4374,10000000
r_4375,10000000
r_4376,8.54
r_4377,1.54
r_4378,-3.11
r_4379,0.15
r_4380,5.69
r_4381,-1.33
r_4382,10000000
r_4383,1.99
r_4384,-8.85
r_4385,-1.17
r_4386,-0.56
r_4387,-3.73
r_4388,-18.06
r_4389,-0.79
r_4390,0.14
r_4391,-0.77
r_4392,-1.4
r_4393,-16.79
r_4394,0
r_4395,2.32
r_4396,-17.65
r_4397,-2
r_4398,-4.29
r_4399,0.71
r_4400,-3.11
r_4401,-0.06
r_4402,-4.49
r_4403,10000000
r_4404,-5.08
r_4405,5.4
r_4406,-3.77
r_4407,10.01
r_4408,-3.83
r_4409,-0.25
r_4410,5.79
r_4411,4.27
r_4412,-20.07
r_4413,7.11
r_4414,2.95
r_4415,3.16
r_4416,3.08
r_4417,3.26
r_4418,3.21
r_4419,-1.76
r_4420,-4.86
r_4421,-1.95
r_4422,-0.88
r_4423,-0.06
r_4424,-4.69
r_4425,0.13
r_4426,-0.25
r_4427,-0.54
r_4428,-1.5
r_4429,-8.61
r_4430,1.07
r_4431,1.05
r_4432,10000000
r_4433,6.06
r_4434,6.23
r_4435,7.14
r_4436,7.11
r_4437,-4.22
r_4438,1.1
r_4439,-0.23
r_4440,-2.13
r_4441,-1.74
r_4442,10000000
r_4443,2.32
r_4444,0.5
r_4445,1.1
r_4446,5.79
r_4447,3.94
r_4448,-4.09
r_4449,-0.45
r_4450,-3.77
r_4451,1.91
r_4452,33.95
r_4453,5.83
r_4454,5.83
r_4455,0.13
r_4456,5.83
r_4457,-2.97
r_4458,2.43
r_4459,1.68
r_4460,-3.33
r_4461,1.83
r_4462,1.38
r_4463,-2.17
r_4464,2.32
r_4465,-2.76
r_4466,1.93
r_4467,1.13
r_4468,1.94
r_4469,-1.59
r_4470,1.16
r_4471,-3.69
r_4472,-0.84
r_4473,-5.26
r_4474,0.71
r_4475,3.84
r_4476,8.3
r_4477,-1.21
r_4478,10000000
r_4479,0.52
r_4480,-4.14
r_4481,10000000
r_4482,-0.22
r_4483,0.16
r_4484,10000000
r_4485,-109.72
r_4486,-82.66
r_4487,0
r_4488,-13.21
r_4489,3.41
r_4490,-8.9
r_4491,-9.79
r_4492,3.41
r_4493,2.22
r_4494,10000000
r_4495,8.76
r_4496,10000000
r_4497,10000000
r_4498,10000000
r_4499,10000000
r_4500,10000000
r_4501,10000000
r_4502,10000000
r_4503,10000000
r_4504,10000000
r_4505,10000000
r_4506,10000000
r_4507,10000000
r_4508,10000000
r_4509,10000000
r_4510,10000000
r_4511,10000000
r_4512,10000000
r_4513,10000000
r_4514,10000000
r_4515,10000000
r_4516,10000000
r_4517,10000000
r_4518,10000000
r_4519,10000000
r_4520,10000000
r_4521,10000000
r_4522,10000000
r_4523,10000000
r_4524,10000000
r_4525,10000000
r_4526,10000000
r_4527,10000000
r_4528,10000000
r_4529,10000000
r_4530,10000000
r_4531,10000000
r_4532,10000000
r_4533,10000000
r_4534,10000000
r_4535,10000000
r_4536,10000000
r_4537,10000000
r_4538,10000000
r_4539,10000000
r_4540,10000000
r_4541,10000000
r_4542,10000000
r_4543,10000000
r_4544,10000000
r_4545,10000000
r_4546,10000000
r_4547,10000000
r_4548,10000000
r_4549,10000000
r_4550,10000000
r_4551,10000000
r_4552,10000000
r_4553,10000000
r_4554,10000000
r_4555,10000000
r_4556,10000000
r_4557,10000000
r_4558,10000000
r_4559,10000000
r_4560,10000000
r_4561,10000000
r_4562,10000000
r_4563,10000000
r_4564,10000000
r_4565,10000000
r_4567,10000000
r_4568,10000000
r_4569,-8.38
r_4570,5.82
r_4571,10000000
r_4572,-0.74
r_4573,-8.95
r_4574,-3.46
r_4575,-3.85
r_4581,3.52
r_4582,-11.57
r_4583,10000000
r_4584,10000000
r_4585,-3.11
r_4586,0
r_4587,10000000
r_4588,1.19
r_4589,10000000
r_4590,10000000
r_4591,10000000
r_4592,10000000
r_4593,10000000
r_4594,10000000
r_4595,10000000
r_4596,10000000
r_4597,10000000
r_4598,10000000
r_4599,10000000
r_4600,10000000
r_4601,-2.8
r_4602,0.43
r_4603,-3.72
r_4604,0
r_4605,-0.68
r_4606,1.18
r_4607,-0.24
r_4608,12.73
r_4609,-0.82
r_4610,-0.27
r_4611,-1.67
r_4612,10000000
r_4613,4.15
r_4614,-1.89
r_4615,0
r_4616,1.61
r_4617,-4.56
r_4618,1.96
r_4619,1.27
r_4620,-1.79
r_4621,0
r_4622,10000000
r_4623,-5.51
r_4624,1.27
r_4625,4.15
r_4626,3.63
r_4627,2.52
r_4628,10000000
r_4629,NaN
r_4630,-24.76
r_4631,NaN
r_4632,NaN
r_4633,NaN
r_4634,NaN
r_4635,0
r_4636,NaN
r_4637,NaN
r_4638,NaN
r_4639,NaN
r_4640,0
r_4641,NaN
r_4642,NaN
r_4643,NaN
r_4644,NaN
r_4645,-523.89
r_4646,NaN
r_4647,NaN
r_4648,NaN
r_4649,-20.86
r_4650,0
r_4651,-5.57
r_4652,-27.98
r_4653,-27.98
r_4654,-25.54
r_4655,0
r_4656,0
r_4657,0
r_4658,-110.94
r_4659,-148.61
r_4660,NaN
r_4661,NaN
r_4662,NaN
r_4663,NaN
r_4664,NaN
r_4665,NaN
r_4666,NaN
r_4667,NaN
r_4668,NaN
r_4669,NaN
r_4670,NaN
r_4671,NaN
r_4672,NaN
r_4673,0
r_4674,NaN
r_4675,0
r_4676,NaN
r_4677,-204.32
r_4678,-49.52
r_4679,6.27
r_4680,NaN
r_4681,0
r_4682,0
r_4683,NaN
r_4684,0
r_4685,0
r_4686,0
r_4687,NaN
r_4688,NaN
r_4689,NaN
r_4690,NaN
r_4691,NaN
r_4692,NaN
r_4693,NaN
r_4694,NaN
r_4695,NaN
r_4697,NaN
r_4698,NaN
r_4699,NaN
r_4700,0
r_4701,-2.94
r_4702,-14.95
r_4703,-12.45
r_4704,NaN
r_4705,0
r_4706,NaN
r_4707,-160.69
r_4708,-51.44
r_4709,NaN
r_4710,NaN
r_4711,NaN
r_4712,NaN
r_4713,NaN
r_4714,NaN
r_4715,NaN
r_4716,NaN
r_4717,NaN
r_4718,NaN
r_4719,NaN
r_4720,NaN
r_4721,NaN
r_4722,NaN
r_4723,NaN
r_4724,NaN
r_4725,NaN
r_4726,NaN
r_4727,NaN
r_4728,NaN
r_4729,NaN
r_4730,NaN
r_4731,NaN
r_4732,NaN
r_4733,NaN
r_4734,NaN
r_4735,NaN
r_4736,NaN
r_4737,NaN
r_4738,NaN
r_4739,NaN
r_4740,NaN
r_4741,NaN
r_4742,NaN
r_4743,NaN
r_4744,NaN
r_4745,NaN
r_4746,NaN
r_4747,NaN
r_4748,NaN
r_4749,NaN
r_4750,NaN
r_4751,NaN
r_4752,NaN
r_4753,NaN
r_4754,NaN
r_4755,NaN
r_4756,NaN
r_4757,NaN
r_4758,NaN
r_4759,NaN
r_4760,NaN
r_4761,NaN
r_4762,NaN
r_4763,NaN
r_4764,NaN
r_4765,NaN
r_4766,NaN
r_4767,NaN
r_4768,NaN
r_4769,NaN
r_4770,NaN
r_4771,NaN
r_4772,NaN
r_4773,NaN
r_4774,NaN
r_4775,NaN
r_4776,NaN
r_4777,NaN
r_4778,NaN
